unit,unit_name,word,pos,ipa,meaning_vi,definition_en,example_en,example_answer,topics
1,Local community,local,adj,/ˈləʊkəl/,(thuộc) địa phương,,Local markets offer fresh produce and unique items.,local,
1,Local community,community,n,/kəˈmjuːnɪti/,cộng đồng,,The community gathered to clean up the local park.,community,
1,Local community,move (to),v,/muːv/,di chuyển,,They plan to move to a smaller house next month.,,
1,Local community,suburb,n,/ˈsʌbɜːrb/,ngoại ô,,The new shopping center is located in a suburb.,suburb,
1,Local community,neighbour,n,/ˈneɪbər/,hàng xóm,,My neighbour helped me fix my bike yesterday.,neighbour,
1,Local community,facility,n,/fəˈsɪləti/,cơ sở vật chất,,The gym facility has new equipment for members.,facility,
1,Local community,shopping mall,n,/ˈʃɒpɪŋ mɔːl/,trung tâm mua sắm,,They opened a new restaurant in the shopping mall.,shopping mall,
1,Local community,look for,v,/lʊk fɔːr/,tìm kiếm,,I'm looking for a gift for my friend’s birthday.,,
1,Local community,bus station,n,/bʌs ˈsteɪʃən/,trạm xe buýt,,The bus station is crowded during rush hour.,bus station,
1,Local community,remind somebody of,phr.v,/rɪˈmaɪnd ˈsʌmbədi əv/,gợi nhớ cho ai về điều gì,,This smell reminds me of my grandmother's cooking.,,
1,Local community,advice,n,/ədˈvaɪs/,lời khuyên,,My teacher gave me useful advice on studying.,advice,
1,Local community,get on (well) with,phr.v,/ɡet ɒn wɛl wɪð/,có mối quan hệ tốt với ai,,I get on well with my neighbors; we often chat.,,
1,Local community,police officer,n,/pəˈliːs ˈɒfɪsər/,nhân viên cảnh sát,,A police officer patrolled the area on foot.,police officer,
1,Local community,garbage collector,n,/ˈɡɑːrbɪdʒ kəˈlɛktər/,người thu gom rác,,The garbage collector is punctual every morning.,garbage collector,
1,Local community,electrician,n,/ɪˌlɛkˈtrɪʃən/,thợ điện,,We need an electrician to install new lights.,electrician,
1,Local community,firefighter,n,/ˈfaɪərfaɪtər/,nhân viên cứu hỏa,,Firefighters saved the building from the fire.,,
1,Local community,delivery person,n,/dɪˈlɪvəri ˈpɜːrsən/,người giao hàng,,The delivery person brought the package on time.,delivery person,
1,Local community,artisan,n,/ˈɑːrtɪzən/,thợ thủ công,,The artisan creates beautiful pottery by hand.,artisan,
1,Local community,speciality food,n,/ˌspɛʃiˈæləti fuːd/,đặc sản địa phương,,They served speciality food at the cultural festival.,speciality food,
1,Local community,break down,phr.v,/breɪk daʊn/,bị hỏng,,My computer broke down right before the deadline.,,
1,Local community,take (rubbish) away,phr.v,/teɪk əˈweɪ/,vứt/ đổ (rác),,The janitors take the rubbish away every evening.,,
1,Local community,lantern,n,/ˈlæntən/,đèn lồng,,Lanterns lit up the streets during the festival.,,
1,Local community,tourist attraction,n,/ˈtʊərɪst əˈtrækʃən/,địa điểm du lịch,,The Grand Canyon is a major tourist attraction.,tourist attraction,
1,Local community,pottery,n,/ˈpɒtəri/,đồ gốm,,She enjoys making pottery in her free time.,pottery,
1,Local community,bamboo bed,n,/bæmˈbuː bɛd/,giường tre,,They slept on a bamboo bed in the countryside.,bamboo bed,
1,Local community,artist,n,/ˈɑːtɪst/,nghệ nhân,,The artist displayed her latest paintings at the gallery.,artist,
1,Local community,swimming pool,n,/ˈswɪmɪŋ puːl/,bể bơi,,We relax by the swimming pool every weekend.,swimming pool,
1,Local community,handicraft,n,/ˈhændɪkrɑːft/,đồ thủ công,,The shop sells handicrafts made by local artisans.,,
1,Local community,house-warming party,n,/ˈhaʊs wɔːrmɪŋ ˈpɑːrti/,tiệc tân gia,,They hosted a house-warming party to celebrate.,house-warming party,
1,Local community,decide,v,/dɪˈsaɪd/,quyết định,,We need to decide on a date for the meeting.,decide,
1,Local community,go out,phr.v,/ɡoʊ aʊt/,ra ngoài (để đi chơi),,They like to go out and try new restaurants.,go out,
1,Local community,pass down,phr.v,/pæs daʊn/,truyền lại,,The tradition was passed down from generation to generation.,,
1,Local community,cut down on,phr.v,/kʌt daʊn ɒn/,cắt giảm,,She decided to cut down on spending this month.,cut down on,
1,Local community,run out of,phr.v,/rʌn aʊt əv/,"cạn kiệt, hết",,We’ve run out of sugar; I’ll buy some more later.,run out of,
1,Local community,look around,phr.v,/lʊk əˈraʊnd/,nhìn chung quanh,,Let's look around the bookstore for something new.,look around,
1,Local community,come back,phr.v,/kʌm bæk/,"quay trở lại, trở về",,He'll come back home after the holidays.,come back,
1,Local community,find out,phr.v,/faɪnd aʊt/,tìm kiếm,,I need to find out more about this new project.,find out,
1,Local community,take care of,phr.v,/teɪk keər əv/,chăm sóc,,Please take care of my plants while I’m away.,take care of,
1,Local community,seagull,n,/ˈsiːɡʌl/,mòng biển (chim),,Seagulls swooped down to catch fish from the ocean.,,
1,Local community,suitcase,n,/ˈsuːtkeɪs/,va li,,She packed her suitcase for the business trip.,suitcase,
1,Local community,pedestrian street,n,/pəˈdɛstrɪən striːt/,phố đi bộ,,The pedestrian street is busy with tourists and locals.,pedestrian street,
1,Local community,favourite place,n,/ˈfeɪvərɪt pleɪs/,nơi yêu thích,,The coffee shop is my favourite place to work.,favourite place,
1,Local community,preserve,v,/prɪˈzɜːrv/,gìn giữ,,It's important to preserve cultural heritage.,preserve,
1,Local community,shorten,v,/ˈʃɔːrtən/,rút ngắn lại,,They decided to shorten the meeting by 30 minutes.,shorten,
1,Local community,fragrance,n,/ˈfreɪɡrəns/,mùi thơm,,The fragrance of fresh roses filled the air.,fragrance,
1,Local community,original,adj,/əˈrɪdʒɪnəl/,"ban đầu, đầu tiên",,This book is written in its original language.,original,
1,Local community,function,n,/ˈfʌŋkʃən/,chức năng,,The main function of this device is to track steps.,function,
1,Local community,worldwide,adv,/ˈwɜːrldwaɪd/,toàn cầu,,The brand is recognized worldwide.,worldwide,
1,Local community,symbolize,v,/ˈsɪmbəlaɪz/,biểu tượng,,The olive branch symbolizes peace and harmony.,,
1,Local community,traditional technique,n,/trəˈdɪʃənl tɛkˈniːk/,kỹ thuật truyền thống,,The traditional technique of weaving has been preserved.,traditional technique,
1,Local community,consumer,n,/kənˈsuːmər/,"người tiêu thụ, khách hàng",,The new product has attracted many consumers.,,
1,Local community,importance,n,/ɪmˈpɔːrtəns/,tầm quan trọng,,He explained the importance of staying focused.,importance,
1,Local community,hard-working,adj,/ˈhɑːrd ˈwɜːrkɪŋ/,chăm chỉ,,She is known as a hard-working and dedicated employee.,hard-working,
1,Local community,responsible,adj,/rɪˈspɒnsɪbəl/,có trách nhiệm,,He is responsible for handling customer inquiries.,responsible,
1,Local community,stop from,phr.v,/stɒp frɒm/,"cản trở, ngăn chặn",,The rain won’t stop us from having a great time.,,
1,Local community,paper fan,n,/ˈpeɪpər fæn/,quạt giấy,,She used a paper fan to cool herself on a hot day.,paper fan,
1,Local community,famous for,adj,/ˈfeɪməs fɔːr/,nổi tiếng,,The city is famous for its beautiful architecture.,famous for,
1,Local community,sort rubbish,v,/sɔːrt ˈrʌbɪʃ/,phân loại rác thải,,We should sort rubbish into recyclables and non-recyclables.,sort rubbish,
1,Local community,improve,v,/ɪmˈpruːv/,cải thiện,,She wants to improve her public speaking skills.,improve,
1,Local community,wake up,phr.v,,tỉnh dậy,,I wake up at 6 a.m. every day.,wake up,
1,Local community,get up,phr.v,,dậy (khỏi giường),,She gets up early to go to school.,,
1,Local community,go out,phr.v,,ra ngoài,,We go out for dinner on weekends.,go out,
1,Local community,come back,phr.v,,quay lại,,He comes back home at 7 p.m.,,
1,Local community,look for,phr.v,,tìm kiếm,,I am looking for my book.,,
1,Local community,find out,phr.v,,"tìm ra, khám phá",,We need to find out the answer to the question.,find out,
1,Local community,give up,phr.v,,từ bỏ,,She will never give up on her dreams.,give up,
1,Local community,turn on,phr.v,,bật (thiết bị),,Can you turn on the lights?,turn on,
1,Local community,turn off,phr.v,,tắt (thiết bị),,Please turn off the TV when you're done watching.,turn off,
1,Local community,pick up,phr.v,,"nhặt lên, đón (ai)",,He picks up his sister from school every day.,,
1,Local community,put away,phr.v,,cất đi,,Please put away your toys after playing.,put away,
1,Local community,carry on,phr.v,,tiếp tục,,Carry on with your homework.,carry on,
1,Local community,run out of,phr.v,,"hết, cạn kiệt",,We have run out of milk.,run out of,
1,Local community,find out,phr.v,,"phát hiện, tìm hiểu",,We need to find out more about the new project.,find out,
1,Local community,call back,phr.v,,gọi lại,,"I missed your call, so I’ll call you back later.",,
1,Local community,pick out,phr.v,,chọn ra,,She picked out a beautiful dress for the party.,,
1,Local community,take care of,phr.v,,chăm sóc,,Can you take care of my dog while I am away?,take care of,
1,Local community,look after,phr.v,,chăm sóc,,She looks after her younger brother.,,
1,Local community,break down,phr.v,,"hỏng, bị hỏng",,Our car broke down on the way to the beach.,,
1,Local community,come up with,phr.v,,"nghĩ ra, đề xuất",,She came up with a great idea for the project.,,
1,Local community,check out,phr.v,,"kiểm tra, trả lại (sách)",,Don’t forget to check out the book before you leave.,check out,
1,Local community,put on,phr.v,,"mặc vào, đeo vào",,He put on his coat before going outside.,put on,
1,Local community,take off,phr.v,,cởi ra,,Please take off your shoes before entering the house.,take off,
1,Local community,work out,phr.v,,"tập thể dục, giải quyết",,I work out at the gym three times a week.,work out,
2,City life,city life,N,/ˈsɪti laɪf/,cuộc sống thành thị,,The bustling city life is both exciting and demanding.,city life,
2,City life,pick sb up,PV,/pɪkˈsʌmbədi ʌp/,đón,,Can you pick me up from the train station?,,
2,City life,packed,Adj,/pækt/,chật chội,,The stadium was packed with cheering fans.,packed,
2,City life,terrible,Adj,/ˈterəbl/,khủng kiếp,,The service at the restaurant was terrible last night.,terrible,
2,City life,polluted,Adj,/pəˈluːtɪd/,bị ô nhiễm,,The air quality in the city is heavily polluted.,polluted,
2,City life,unreliable,Adj,/ˌʌnrɪˈlaɪəbl/,không đáng tin,,I find the local buses to be quite unreliable.,unreliable,
2,City life,ugly,Adj,/ˈʌɡli/,xấu xí,,The old building was considered ugly by many people.,ugly,
2,City life,pricey,Adj,/ˈpraɪsi/,đắt đỏ,,Dining out in the city center is usually quite pricey.,pricey,
2,City life,modern,Adj,/ˈmɒdn/,hiện đại,,The new apartment building is very modern and stylish.,modern,
2,City life,attractive,Adj,/əˈtræktɪv/,hấp dẫn,,The city's waterfront park is particularly attractive.,attractive,
2,City life,traffic light,N,/ˈtræf.ɪk ˌlaɪt/,đèn giao thông,,You need to stop when the traffic light turns red.,traffic light,
2,City life,traffic safety,N,/ˈtræfɪk ˈseɪfti/,an toàn giao thông,,The city's traffic safety measures have improved significantly.,traffic safety,
2,City life,traffic flow,N,/ˈtræfɪk floʊ/,dòng chảy giao thông,,The new traffic lights have helped to improve traffic flow.,traffic flow,
2,City life,traffic jam,N,/'træfɪk dʒæm/,tắc nghẽn giao thông,,There was a major traffic jam on the highway this morning.,traffic jam,
2,City life,entertainment centre,N,/ˌentərˈteɪnmənt ˈsentər/,trung tâm giải trí,,The entertainment centre offers a variety of activities for all ages.,entertainment centre,
2,City life,itchy eyes,N,/ˈɪtʃi aɪz/,ngứa mắt,,The pollution made my eyes feel itchy all day.,,
2,City life,rush hour,N,/ˈrʌʃ ˌaʊr/,giờ cao điểm,,The traffic is much worse during rush hour.,rush hour,
2,City life,noisy,Adj,/ˈnɔɪzi/,ồn ào,,The construction site next to my apartment is very noisy.,noisy,
2,City life,dusty,Adj,/ˈdʌsti/,bụi,,The street was covered in dust after the construction work.,,
2,City life,downtown,Adv,/ˌdaʊnˈtaʊn/,ở trung tâm thành phố,,We decided to shop downtown for the best deals.,downtown,
2,City life,sky train,N,/skaɪ treɪn/,tàu trên cao,,The sky train provides a scenic view of the city.,sky train,
2,City life,metro,N,/ˈmetrəʊ/,tàu điện ngầm,,Taking the metro is the fastest way to get across town.,metro,
2,City life,concrete jungle,N,/ˈkɒnkriːt ˈdʒʌŋɡl/,khu rừng bê-tông (thành phố),,The city's skyline is often referred to as a concrete jungle.,concrete jungle,
2,City life,public amenities,N,/ˈpʌblɪk əˈmenətiz/,tiện ích công cộng,,The new park has excellent public amenities.,public amenities,
2,City life,liveable,Adj,/ˈlɪvəbl/,đáng sống,,"Despite its size, the city is quite liveable.",liveable,
2,City life,public transport,N,/ˈpʌblɪk ˈtrænspɔːt/,phương tiện công cộng,,Using public transport helps reduce traffic congestion.,public transport,
2,City life,high crime rate,N,/haɪ kraɪm reɪt/,tỷ lệ tội phạm cao,,Some neighborhoods are known for their high crime rate.,high crime rate,
2,City life,careful,Adj,/ˈkeəfl/,cẩn thận,,Be careful when crossing the busy streets.,careful,
2,City life,dangerous,Adj,/ˈdeɪn.dʒər.əs/,nguy hiểm,,Crossing the street without looking is dangerous.,dangerous,
2,City life,convenient,Adj,/kənˈviːniənt/,thuận tiện,,Living near the subway is very convenient.,convenient,
2,City life,peaceful,Adj,/ˈpiːsfəl/,bình yên,,The countryside is more peaceful than the city.,peaceful,
2,City life,coastal city,N,/ˈkoʊstl ˈsɪti/,thành phố ven biển,,Many tourists visit this beautiful coastal city.,coastal city,
2,City life,chairman,N,/ˈtʃeərmən/,"chủ tịch, chủ tọa",,The chairman of the company gave a speech.,chairman,
2,City life,come down with,PV,/kʌm daʊn wɪð/,chịu đựng,,She came down with the flu last week.,,
2,City life,hang out with,PV,/hæŋ aʊt wɪð/,đi chơi,,I like to hang out with my friends on weekends.,hang out with,
2,City life,sore throat,N,/sɔː θrəʊt/,đau họng,,He has a sore throat and can't speak well.,sore throat,
2,City life,air pollution,N,/ˈeə pəˌluː.ʃən/,ô nhiễm không khí,,Air pollution is a serious problem in big cities.,air pollution,
2,City life,noise pollution,N,/nɔɪz pəˈluːʃən/,ô nhiễm tiếng ồn,,Traffic causes a lot of noise pollution.,noise pollution,
2,City life,immigrant,N,/ˈɪmɪɡrənt/,người nhập cư,,Many immigrants come to this country for better opportunities.,,
2,City life,bus line,N,/bʌs laɪn/,làn đường dành cho xe bus,,This bus line goes directly to the city center.,bus line,
2,City life,means of transport,N,/miːnz əv ˈtrænspɔːt/,phương tiện giao thông,,Bicycles are an eco-friendly means of transport.,means of transport,
2,City life,(get) stuck,PV,/ɡet stʌk/,bị kẹt,,We got stuck in traffic for an hour.,,
2,City life,arrival,N,/əˈraɪvl/,điểm đến,,The arrival of the train was delayed.,arrival,
2,City life,food waste,N,/fuːd weɪst/,lãng phí thức ăn,,Restaurants are trying to reduce food waste.,food waste,
2,City life,learning space,N,/ˈlɜːrnɪŋ speɪs/,không gian học,,The library provides a quiet learning space for students.,learning space,
2,City life,leftover,N,/ˈleftəʊvə(r)/,thức ăn thừa,,We ate the leftovers from yesterday's dinner.,,
2,City life,cafeteria,N,/ˌkæfəˈtɪəriə/,quán ăn tự phục vụ,,The school cafeteria serves lunch every day.,cafeteria,
2,City life,turn something into something,PV,/tɜːrn ˈsʌmθɪŋ ˈɪntu ˈsʌmθɪŋ/,biến/ chuyển hoá cái gì thành cái gì,,They turned the old factory into a museum.,,
2,City life,unsafe,Adj,/ʌnˈseɪf/,không an toàn,,This bridge is unsafe and needs repairs.,unsafe,
2,City life,city authority,N,/ˈsɪtiɔːˈθɒrəti/,chính quyền thành phố,,The city authorities are planning to build a new park.,,
2,City life,drop-off and pick-up time,N,/drɒp ɒf ænd pɪk ʌp taɪm/,thời gian đưa đón,,Parents must follow the school's drop-off and pick-up times.,,
2,City life,pavement,N,/ˈpeɪvmənt/,vỉa hè,,People were walking on the pavement.,pavement,
2,City life,green space,N,/ɡriːn speɪs/,không gian xanh,,The city needs more green spaces for recreation.,,
2,City life,Wake up,phr.v,/weɪk ʌp/,Thức dậy,,,,
2,City life,Turn on,phr.v,/tɜːrn ɒn/,Bật (thiết bị),,,,
2,City life,Turn off,phr.v,/tɜːrn ɒf/,Tắt (thiết bị),,,,
2,City life,Look for,phr.v,/lʊk fɔːr/,Tìm kiếm,,,,
2,City life,Give up,phr.v,/ɡɪv ʌp/,Từ bỏ,,,,
2,City life,Take off,phr.v,/teɪk ɒf/,"Cởi (quần áo), cất cánh (máy bay)",,,,
2,City life,Put on,phr.v,/pʊt ɒn/,"Mặc (quần áo), đeo (phụ kiện)",,,,
2,City life,Get along,phr.v,/ɡɛt əˈlɔːŋ/,"Hòa hợp, có quan hệ tốt",,,,
2,City life,Run out of,phr.v,/rʌn aʊt ʌv/,"Hết, cạn kiệt",,,,
2,City life,Pick up,phr.v,/pɪk ʌp/,"Đón (ai đó), nhặt lên",,,,
2,City life,Call back,phr.v,/kɔːl bæk/,Gọi lại,,,,
2,City life,Bring up,phr.v,/brɪŋ ʌp/,"Đề cập (đề tài), nuôi dưỡng",,,,
2,City life,Check out,phr.v,/tʃɛk aʊt/,"Kiểm tra, xem xét, trả phòng",,,,
2,City life,Fill out,phr.v,/fɪl aʊt/,Điền vào (form),,,,
2,City life,Come over,phr.v,/kʌm ˈoʊvər/,Ghé thăm,,,,
2,City life,Take care of,phr.v,/teɪk keə(r) ʌv/,Chăm sóc,,,,
2,City life,Look after,phr.v,/lʊk ˈæftər/,Chăm sóc,,,,
2,City life,Set up,phr.v,/sɛt ʌp/,"Thiết lập, chuẩn bị",,,,
2,City life,Put up with,phr.v,/pʊt ʌp wɪð/,Chịu đựng,,,,
2,City life,Try out,phr.v,/traɪ aʊt/,Thử nghiệm,,,,
2,City life,Look after,phr.v,/lʊk ˈæftər/,"chăm sóc, trông nom",,,,
2,City life,Get by,phr.v,/ɡɛt baɪ/,xoay xở,,,,
2,City life,Give away,phr.v,/ɡɪv əˈweɪ/,"tặng, cho đi",,,,
2,City life,Run into,phr.v,/rʌn ˈɪntuː/,gặp tình cờ,,,,
2,City life,Look forward to,phr.v,/lʊk ˈfɔːrwəd tʊ/,"mong chờ, háo hức",,,,
2,City life,Go on,phr.v,/ɡoʊ ɒn/,tiếp tục,,,,
2,City life,Work out,phr.v,/wɜːrk aʊt/,"tập thể dục, giải quyết",,,,
2,City life,Take over,phr.v,/teɪk ˈoʊvər/,tiếp quản,,,,
2,City life,Make up,phr.v,/meɪk ʌp/,"bịa đặt, làm hòa",,,,
2,City life,Keep up,phr.v,/kiːp ʌp/,"theo kịp, duy trì",,,,
3,Healthy living for teens,Healthy living,(n),/ˈhelθiˈlɪvɪŋ/,lối sống lành mạnh,,Practicing yoga is an important aspect of healthy living.,Healthy living,
3,Healthy living for teens,Physical health,(n),/ˈfɪz.ɪ.kəl helθ/,sức khỏe thể chất,,Regular sleep is crucial for maintaining good physical health.,Physical health,
3,Healthy living for teens,Mental health,(n),/ˈmentl helθ/,sức khỏe tinh thần,,Meditation can greatly improve your mental health.,Mental health,
3,Healthy living for teens,Maintain,(v),/meɪnˈteɪn/,duy trì,,"To avoid injury, it's important to maintain proper posture.",Maintain,
3,Healthy living for teens,Healthy diet,(n),/ə ˈhelθi ˈdaɪət/,chế độ ăn lành mạnh,,A healthy diet helps boost your energy levels.,Healthy diet,
3,Healthy living for teens,Do exercise,(v),/duː ekˈsəˌsaɪz/,tập thể dục,,I always do exercise after a long day at work.,Do exercise,
3,Healthy living for teens,Counsellor,(n),/ˈkaʊnsələ(r)/,người cố vấn,,A career counsellor can guide you through your job search.,Counsellor,
3,Healthy living for teens,Reduce stress,(v),/rɪˈdjuːs strɛs/,giảm căng thẳng,,Spending time in nature helps to reduce stress.,Reduce stress,
3,Healthy living for teens,Look after,(phr.v),/lʊk ˈɑːftə(r)/,chăm sóc,,She looks after her younger brother while their parents are at work.,,
3,Healthy living for teens,Well-balanced life,(n),/welˈbælənst laɪf/,cuộc sống cân bằng,,Pursuing hobbies and work in equal measure can lead to a well-balanced life.,Well-balanced life,
3,Healthy living for teens,Balance,(n),/ˈbæləns/,cân bằng,,Finding the right balance between work and leisure is essential.,Balance,
3,Healthy living for teens,Priority,(n),/praɪˈɒrəti/,ưu tiên,,Your health should always be a priority.,Priority,
3,Healthy living for teens,Give priority,(v),/ɡɪv praɪˈɒrəti/,"ưu tiên, đặt lên hàng đầu",,We need to give priority to resolving these issues before moving forward.,Give priority,
3,Healthy living for teens,Work out,(v),/wɜːk aʊt/,tập thể dục,,They work out at the gym three times a week.,Work out,
3,Healthy living for teens,Achieve,(v),/əˈtʃiːv/,"đạt được, hoàn thành",,She achieved her dream of becoming a doctor through hard work.,,
3,Healthy living for teens,Manage time,(v),/ˈmænɪdʒ taɪm/,quản lý thời gian,,Effective time management can lead to better productivity.,,
3,Healthy living for teens,Try,(v),/traɪ/,"cố gắng, thử",,Try to arrive early for your appointment to avoid any delays.,Try,
3,Healthy living for teens,Accomplish,(v),/əˈkʌmplɪʃ/,"hoàn thành, đạt được",,He accomplished his goal of learning a new language in six months.,,
3,Healthy living for teens,Delay,(v),/dɪˈleɪ/,"trì hoãn, hoãn lại",,The flight was delayed due to bad weather.,,
3,Healthy living for teens,Due date,(n),/djuː deɪt/,"hạn chót, ngày đến hạn",,The due date for the assignment is next Tuesday.,Due date,
3,Healthy living for teens,Optimistic,(adj),/ˌɒptɪˈmɪstɪk/,lạc quan,,She has an optimistic view of the future.,Optimistic,
3,Healthy living for teens,Stressed out,(adj),/strest aʊt/,căng thẳng,,He felt stressed out about the upcoming exam.,Stressed out,
3,Healthy living for teens,Distraction,(n),/dɪˈstrækʃn/,"sự xao nhãng, sự mất tập trung",,Turning off notifications can help minimize distractions.,,
3,Healthy living for teens,Intend,(v),/ɪnˈtend/,"có ý định, dự định",,I intend to visit Paris next summer.,Intend,
3,Healthy living for teens,Wait for,(phr.v),/weɪt fɔːr/,chờ đợi,,We will wait for your decision before proceeding.,Wait for,
3,Healthy living for teens,Gain weight,(v),/ɡeɪn weɪt/,tăng cân,,Eating high-calorie foods can cause you to gain weight.,Gain weight,
3,Healthy living for teens,Fast food,(n),/fɑːst fuːd/,đồ ăn nhanh,,Avoiding fast food can lead to better overall health.,Fast food,
3,Healthy living for teens,Stay up late,(phr.v),/steɪ ʌp leɪt/,ngủ muộn,,Staying up late can affect your performance the next day.,,
3,Healthy living for teens,Awake,(adj),/əˈweɪk/,tỉnh táo,,Drinking coffee helps me stay awake during long meetings.,Awake,
3,Healthy living for teens,Complete,(v),/kəmˈpliːt/,hoàn thành,,Please complete the form and submit it by Friday.,Complete,
3,Healthy living for teens,Get burnt,(v),/ɡet bɜːnt/,bị cháy nắng,,Apply sunscreen to avoid getting burnt.,,
3,Healthy living for teens,Effectively,(adv),/ɪˈfektɪvli/,có hiệu quả,,You need to study effectively to pass the exams.,Effectively,
3,Healthy living for teens,Train,(v),/treɪn/,luyện tập,,She trains every day to become a better athlete.,,
3,Healthy living for teens,Shoulder pain,(n),/ˈʃəʊldə peɪn/,đau vai,,He experienced shoulder pain after lifting heavy weights.,Shoulder pain,
3,Healthy living for teens,Punish,(v),/ˈpʌn.ɪʃ/,trừng phạt,,It's important not to punish children in anger.,Punish,
3,Healthy living for teens,Get through,(v),/ɡɛt θruː/,vượt qua,,She managed to get through the difficult times with support.,Get through,
3,Healthy living for teens,Lose weight,(v),/luːz weɪt/,giảm cân,,Regular exercise helps to lose weight effectively.,Lose weight,
3,Healthy living for teens,Invite,(v),/ɪnˈvaɪt/,mời,,We are planning to invite our friends to a summer barbecue.,Invite,
3,Healthy living for teens,Finish,(v),/ˈfɪnɪʃ/,kết thúc,,She finished the book in just two days.,,
3,Healthy living for teens,Ingredient,(n),/ɪnˈɡriːdiənt/,thành phần,,The recipe requires several basic ingredients.,,
3,Healthy living for teens,Praise,(v),/preɪz/,"tán dương, khen thưởng",,The coach praised the team for their hard work.,,
3,Healthy living for teens,Encourage,(v),/ɪnˈkʌrɪdʒ/,khuyến khích,,Teachers should encourage students to express their ideas.,Encourage,
3,Healthy living for teens,Difficulty,(n),/ˈdɪfɪkəlti/,khó khăn,,She faced difficulty understanding the complex instructions.,Difficulty,
3,Healthy living for teens,Thankful,(adj),/ˈθæŋkfl/,biết ơn,,I am thankful for the support of my friends during tough times.,Thankful,
3,Healthy living for teens,Happiness,(n),/ˈhæpinəs/,sự hạnh phúc,,Spending time in nature brings me true happiness.,Happiness,
3,Healthy living for teens,Instead of,(phr),/ɪnˈstɛd ʌv/,thay vì,,"Instead of watching TV, you could read a book.",Instead of,
3,Healthy living for teens,No matter,(phr),/noʊ ˈmætər/,không quan trọng,,"No matter the obstacles, he never gave up.",No matter,
3,Healthy living for teens,Properly,(adv),/ˈprɒpəli/,đúng cách,,The machine should be operated properly to avoid accidents.,Properly,
3,Healthy living for teens,Come up with,(phr.v),/kʌm ʌp wɪð/,"nghĩ ra, đưa ra",,We need to come up with new ideas for the project.,Come up with,
3,Healthy living for teens,Combination,(n),/ˌkɒmbɪˈneɪʃn/,sự kết hợp,,A combination of exercise and a healthy diet is essential.,Combination,
3,Healthy living for teens,Differentiate,(v),/ˌdɪfərˈɛnʃieɪt/,phân biệt,,It's important to differentiate between fact and opinion.,Differentiate,
3,Healthy living for teens,Efficiently,(adv),/ɪˈfɪʃəntli/,hiệu quả,,The team worked efficiently to complete the project on time.,Efficiently,
4,Remembering the past,remember,(v),/rɪˈmembə(r)/,nhớ,,It’s important to remember the lessons learned from history.,remember,
4,Remembering the past,temple complex,(n),/ə ˈtempl ˈkɒmpleks/,khu phức hợp đền,,The temple complex includes several ancient structures.,temple complex,
4,Remembering the past,religious monument,(n),/rɪˈlɪdʒəs ˈmɒnjumənt/,đài tưởng niệm tôn giáo,,The religious monument attracts scholars from around the world.,religious monument,
4,Remembering the past,visitor,(n),/ˈvɪz.ɪ.tər/,khách du lịch,,Each visitor to the museum receives a map of the exhibits.,visitor,
4,Remembering the past,World Heritage Site,(n),/wɜːld ˈherɪtɪdʒ saɪt/,Di sản Thế giới,,The site is recognized as a World Heritage Site by UNESCO.,World Heritage Site,
4,Remembering the past,communal house,(n),/ˈkɒmjʊnl haʊs/,đình làng,,The communal house hosts various village ceremonies.,communal house,
4,Remembering the past,national historic site,(n),/ˈnæʃənəl hɪˈstɒrɪk saɪt/,di sản quốc gia,,The site preserves artifacts from our national history.,,
4,Remembering the past,magnificent,(adj),/mæɡˈnɪfɪsnt/,tráng lệ,,The castle’s magnificent architecture left everyone in awe.,magnificent,
4,Remembering the past,castle,(n),/ˈkɑːsl/,lâu đài,,The castle was built in the 12th century and is still standing.,castle,
4,Remembering the past,future generation,(n),/ˈfjuːtʃər ˌdʒenəˈreɪʃənz/,thế hệ tương lai,,We must ensure our actions benefit future generations.,,
4,Remembering the past,occupy,(v),/ˈɒkjupaɪ/,chiếm giữ,,The fort was occupied by the enemy during the war.,,
4,Remembering the past,thanks to,(adv),/θæŋks tuː/,nhờ vào,,"Thanks to the volunteers, the park was cleaned up quickly.",thanks to,
4,Remembering the past,dedicated,(adj),/ˈdedɪkeɪtɪd/,tận tâm,,The dedicated team worked day and night to finish the project.,dedicated,
4,Remembering the past,rebuild,(v),/ˌriːˈbɪld/,xây dựng lại,,"After the earthquake, efforts were made to rebuild the damaged city.",rebuild,
4,Remembering the past,damage,(v),/ˈdæmɪdʒ/,phá hủy,,The storm caused severe damage to many historic buildings.,damage,
4,Remembering the past,natural disaster,(n),/ˈnætʃrəl dɪˈzɑːstə(r)/,thiên tai,,Natural disasters often disrupt historical preservation efforts.,,
4,Remembering the past,worship,(v),/ˈwɜːʃɪp/,thờ cúng,,Many people worship at the ancient shrine during festivals.,worship,
4,Remembering the past,contribution,(n),/ˌkɒntrɪˈbjuːʃn/,sự đóng góp,,His contribution to the heritage project was invaluable.,contribution,
4,Remembering the past,decide,(v),/dɪˈsaɪd/,quyết định,,The committee decided to preserve the old building.,,
4,Remembering the past,discover,(v),/dɪˈskʌvə(r)/,phát hiện ra,,The team discovered new artifacts during the excavation.,,
4,Remembering the past,promote,(v),/prəˈməʊt/,thúc đẩy,,The campaign aims to promote awareness about cultural heritage.,promote,
4,Remembering the past,recognise,(v),/ˈrekəɡnaɪz/,"công nhận, nhận ra",,The heritage site was officially recognized for its historical value.,,
4,Remembering the past,observe,(v),/əbˈzɜːv/,quan sát,,Tourists are encouraged to observe the rules while visiting.,observe,
4,Remembering the past,protect,(v),/prəˈtekt/,bảo vệ,,We need to protect our cultural sites from vandalism.,protect,
4,Remembering the past,culture festival,(n),/ˈkʌltʃər ˈfestɪvl/,lễ hội văn hóa,,The culture festival showcases traditional dances and music.,culture festival,
4,Remembering the past,relic,(n),/ˈrelɪk/,di vật,,The museum is home to many ancient relics.,,
4,Remembering the past,friendship,(n),/ˈfrendʃɪp/,tình bạn,,The exchange program fostered lasting friendships between students.,,
4,Remembering the past,benefit,(v),/ˈbenɪfɪt/,có lợi,,The restoration project benefits both the community and tourists.,,
4,Remembering the past,seat belt,(n),/siːt belt/,dây an toàn (phương tiện giao thông),,Always check that your seat belt is fastened before driving.,seat belt,
4,Remembering the past,windmill,(n),/ˈwɪndmɪl/,cối xay gió,,The old windmill has been restored as a historical landmark.,windmill,
4,Remembering the past,safeguard,(v),/ˈseɪfɡɑːd/,"bảo vệ, canh gác",,We must safeguard our heritage for future generations.,safeguard,
4,Remembering the past,nightmare,(n),/ˈnaɪtmeə(r)/,ác mộng,,He had a nightmare about the destruction of his favorite historical site.,nightmare,
4,Remembering the past,pagoda,(n),/pəˈɡəʊdə/,chùa,,The pagoda is an important religious site for the local community.,pagoda,
4,Remembering the past,weaving workshop,(n),/ˈwiːvɪŋ ˈwɜːkʃɒp/,xưởng dệt,,The weaving workshop demonstrates traditional textile techniques.,weaving workshop,
4,Remembering the past,craft workshop,(n),/krɑːft ˈwɜːkʃɒp/,xưởng thủ công,,The craft workshop taught us how to make traditional ceramics.,craft workshop,
4,Remembering the past,ancestor,(n),/ˈænsestə(r)/,tổ tiên,,We honor our ancestors through various ceremonies.,,
4,Remembering the past,take part in,(phr.v),/teɪk pɑːt ɪn/,tham gia,,Everyone was excited to take part in the historical reenactment.,take part in,
4,Remembering the past,Mid-Autumn Festival,(n),/mɪd-ˈɔːtəm ˈfɛstɪvəl/,Trung thu,,The Mid-Autumn Festival is celebrated with lanterns and mooncakes.,Mid-Autumn Festival,
4,Remembering the past,Harvest Festival,(n),/ˈhɑːvɪst ˈfestɪvl/,lễ hội thu hoạch,,The Harvest Festival includes traditional dances and feasts.,Harvest Festival,
4,Remembering the past,celebrate,(v),/ˈselɪbreɪt/,tổ chức,,The city will celebrate its anniversary with a grand parade.,celebrate,
4,Remembering the past,deep-rooted,(adj),/diːp ˈruːtɪd/,ăn sâu vào,,The tradition is deeply rooted in the local culture.,,
4,Remembering the past,appear,(v),/əˈpɪə(r)/,xuất hiện,,The ruins of the ancient temple appeared after years of excavation.,,
4,Remembering the past,national dish,(n),/ˈnæʃnəl dɪʃ/,món ăn quốc gia,,Sushi is considered a national dish of Japan.,national dish,
4,Remembering the past,basic,(adj),/ˈbeɪsɪk/,cơ bản,,Understanding the basic principles of conservation is crucial.,basic,
4,Remembering the past,associated,(adj),/əˈsəʊsieɪtɪd/,liên quan,,The festival is associated with the harvest season.,associated,
4,Remembering the past,take pride in,(phr.v),/teɪk praɪd ɪn/,tự hào,,They take pride in maintaining their traditional crafts.,take pride in,
4,Remembering the past,vinegar,(n),/ˈvɪnɪɡə(r)/,giấm,,Vinegar is used in many traditional recipes.,vinegar,
4,Remembering the past,ketchup,(n),/ˈketʃ.ʌp/,sốt cà chua,,Ketchup is often served with fries and burgers.,ketchup,
4,Remembering the past,pancake,(n),/ˈpænkeɪk/,bánh kếp,,Pancakes are a popular breakfast dish in many countries.,,
4,Remembering the past,walk barefoot,(phr.v),/wɔːk ˈbeəfʊt/,đi chân trần,,Walking barefoot on the grass feels refreshing.,,
4,Remembering the past,face to face,(phr.),/feɪs tʊ feɪs/,đối diện,,We had a face-to-face meeting to discuss the project.,,
4,Remembering the past,traditional game,(n),/trəˈdɪʃ.ən.əl ɡeɪm/,trò chơi truyền thống,,The traditional game involves complex strategies and teamwork.,traditional game,
4,Remembering the past,five-coloured sticky rice,(n),/faɪv ˈkʌləd ˈstɪki raɪs/,xôi ngũ sắc,,Five-coloured sticky rice is often served during special occasions.,five-coloured sticky rice,
4,Remembering the past,valuable resource,(n),/ˈvæljuəbl rɪˈsɔːs/,tài nguyên quý giá,,Preserving historical sites is a valuable resource for education.,valuable resource,
4,Remembering the past,home life,(n),/həʊm laɪf/,cuộc sống gia đình,,Home life is an important aspect of personal well-being.,home life,
4,Remembering the past,ancient,(adj),/ˈeɪnʃənt/,cổ xưa,,The ancient ruins offer a glimpse into early civilizations.,ancient,
4,Remembering the past,antique,(adj),/ænˈtiːk/,đồ cổ,,She collected antique furniture from various periods.,antique,
4,Remembering the past,community service,(n),/kəˈmjunəti ˈsɜːvɪs/,dịch vụ cộng đồng,,Volunteering at the shelter is a valuable community service.,community service,
5,Our experiences,local specialty,noun,/ˈləʊkl ˌspeʃiˈæləti/,đặc sản địa phương,,Bánh mì is a local specialty in many cities.,local specialty,
5,Our experiences,ride horses,verb,/raɪd ˈhɔːsɪz/,cưỡi ngựa,,We rode horses along the beach during our summer vacation.,,
5,Our experiences,take photos,verb,/teɪk foʊ.t̬oʊz/,chụp ảnh,,Tourists often take photos of the beautiful landscapes.,take photos,
5,Our experiences,explore a site,verb,/ɪkˈsplɔːr ə saɪt/,khám phá địa điểm,,We plan to explore a historical site during our trip.,,
5,Our experiences,ride a jeep,verb,/raɪd ə dʒiːp/,đi xe jeep,,We had a thrilling ride in a jeep through the desert.,,
5,Our experiences,dance with local people,verb,/dɑːns wɪð ˈləʊkl ˈpiːpl/,khiêu vũ với người dân địa phương,,They danced with local people at the festival.,,
5,Our experiences,take an eco-tour,verb,/teɪk ən ˈiːkəʊ tʊə/,đi du lịch sinh thái,,We took an eco-tour through the rainforest.,,
5,Our experiences,see a gong show,verb,/siː ə ɡɒŋ ʃəʊ/,xem biểu diễn cồng chiêng,,The cultural center offers a chance to see a gong show.,see a gong show,
5,Our experiences,climb a mountain,verb,/klaɪm ə ˈmaʊntən/,leo núi,,They climbed a mountain for a breathtaking view.,,
5,Our experiences,explore the seabed,verb,/ɪkˈsplɔː ðə ˈsiːbed/,khám phá đáy biển,,Marine biologists explore the seabed for new species.,explore the seabed,
5,Our experiences,see a tribal dance show,verb,/siː ə ˈtraɪbl dɑːns ʃəʊ/,xem biểu diễn múa dân tộc,,Visitors can see a tribal dance show at the cultural village.,see a tribal dance show,
5,Our experiences,stream,noun,/striːm/,dòng suối,,The stream runs through the middle of the forest.,stream,
5,Our experiences,species,noun,/ˈspi·ʃiz/,loài (sinh vật),,Scientists discovered a new species of fish in the river.,species,
5,Our experiences,enjoyable,adjective,/ɪnˈdʒɔɪəbl/,thú vị,,The picnic was an enjoyable way to spend the afternoon.,enjoyable,
5,Our experiences,thrilling,adjective,/ˈθrɪlɪŋ/,kích thích,,The roller coaster ride was thrilling for everyone.,thrilling,
5,Our experiences,amazing,adjective,/əˈmeɪzɪŋ/,tuyệt vời,,The sunset over the ocean was simply amazing.,amazing,
5,Our experiences,brilliant,adjective,/ˈbrɪliənt/,"xuất sắc, tuyệt vời",,The scientist's brilliant work led to a major breakthrough.,brilliant,
5,Our experiences,learn by rote,verb,/lɜːn baɪ rəʊt/,học vẹt,,"Some students prefer to learn by rote, but it's not effective.",learn by rote,
5,Our experiences,tour a campus,verb,/tʊə(r) ə ˈkæmpəs/,tham quan khuôn viên trường,,We toured the campus before deciding to enroll in the university.,,
5,Our experiences,give a performance,verb,/ɡɪv ə pəˈfɔːməns/,biểu diễn,,The students gave a performance of their new play.,,
5,Our experiences,put up tents,verb,/pʊt ʌp tents/,dựng lều,,We put up tents at the campsite before it got dark.,put up tents,
5,Our experiences,go snorkeling,verb,/ɡəʊ ˈsnɔːkəlɪŋ/,đi lặn với ống thở,,We went snorkeling to see the colorful fish in the coral reef.,,
5,Our experiences,helpless,adjective,/ˈhelpləs/,bất lực,,The baby bird was helpless after falling from its nest.,helpless,
5,Our experiences,exhilarating,adjective,/ɪɡˈzɪləreɪtɪŋ/,"kích thích, mãn nhãn",,The exhilarating ride down the river left us breathless.,exhilarating,
5,Our experiences,embarrassing,adjective,/ɪmˈbærəsɪŋ/,"xấu hổ, ngại ngùng",,It was embarrassing to trip in front of the entire class.,embarrassing,
5,Our experiences,unpleasant,adjective,/ʌnˈpleznt/,khó chịu,,The unpleasant smell made it hard to stay in the room.,unpleasant,
5,Our experiences,coral reef,noun,/ˌkɔːr.əl ˈriːf/,rạn san hô,,The coral reef was teeming with vibrant marine life.,coral reef,
5,Our experiences,by chance,adverb,/baɪ - tʃɑːns/,tình cờ,,She discovered the hidden cave by chance while hiking.,by chance,
5,Our experiences,yearbook,noun,/ˈjɪəbʊk/,niên giám,,The school yearbook captured all the memorable moments.,yearbook,
5,Our experiences,sail a yacht,verb,/seɪl ə jɒt/,đi thuyền buồm,,We learned how to sail a yacht on our summer vacation.,sail a yacht,
5,Our experiences,wildlife,noun,/ˈwaɪldlaɪf/,động vật hoang dã,,The reserve is home to a wide variety of wildlife.,wildlife,
5,Our experiences,ethnic,adjective,/ˈeθnɪk/,dân tộc,,The region is known for its ethnic diversity.,ethnic,
5,Our experiences,tribal,adjective,/ˈtraɪ.bəl/,bộ lạc,,The tribal customs are still practiced in remote areas.,tribal,
5,Our experiences,team building activity,noun,/tiːm ˈbɪldɪŋ ækˈtɪvəti/,"hoạt động nhóm, đồng đội",,The team building activity helped improve our teamwork skills.,team building activity,
5,Our experiences,exciting,adjective,/ɪkˈsaɪtɪŋ/,thú vị,,The new movie was so exciting that I watched it twice.,exciting,
5,Our experiences,campsite,noun,/ˈkæmpsaɪt/,khu cắm trại,,We chose a campsite near the river for our weekend getaway.,campsite,
5,Our experiences,ankle,noun,/ˈæŋkl/,mắt cá chân,,He twisted his ankle while playing soccer.,ankle,
5,Our experiences,put up,phrasal verb,/pʊt ʌp/,dựng lên,,They put up a fence to protect the garden from animals.,put up,
5,Our experiences,terrible,adjective,/ˈterəbl/,khủng khiếp,,The accident was a terrible experience for everyone involved.,terrible,
5,Our experiences,attend,verb,/əˈtend/,tham dự,,I plan to attend the conference next week.,attend,
5,Our experiences,army,noun,/ˈɑːmi/,quân đội,,My brother enlisted in the army last year.,army,
5,Our experiences,unforgettable,adjective,/ˌʌnfəˈɡetəbl/,khó quên,,The concert was an unforgettable experience.,unforgettable,
5,Our experiences,special,adjective,/ˈspeʃl/,đặc biệt,,They prepared a special meal for the celebration.,special,
5,Our experiences,receive,verb,/rɪˈsiːv/,nhận,,She received a gift from her friend on her birthday.,,
5,Our experiences,environment,noun,/ɪnˈvaɪrənmənt/,môi trường,,Protecting the environment is everyone's responsibility.,environment,
5,Our experiences,strict,adjective,/strɪkt/,nghiêm khắc,,The teacher is very strict about deadlines.,strict,
5,Our experiences,competition,noun,/kɑːm.pəˈtɪʃ.ən/,"cuộc thi, sự cạnh tranh",,"The competition was tough, but she won first place.",competition,
5,Our experiences,confidence,noun,/ˈkɒnfɪdəns/,sự tự tin,,Public speaking helps boost confidence.,confidence,
5,Our experiences,soft skill,noun,/sɒft skɪl/,kỹ năng mềm,,Employers value soft skills such as teamwork and adaptability.,,
5,Our experiences,bully,verb,/ˈbʊli/,bắt nạt,,Schools should take strict measures to prevent bullying.,,
5,Our experiences,aware,adjective,/əˈweə(r)/,nhận thức (về),,Students should be aware of the risks of sharing personal information online.,aware,
5,Our experiences,join,verb,/dʒɔɪn/,tham gia,,She decided to join the debate club this semester.,join,
5,Our experiences,prehistoric,adjective,/ˌpriːhɪˈstɔːrɪk/,tiền sử,,The museum exhibits prehistoric artifacts from ancient times.,prehistoric,
5,Our experiences,assignment,noun,/əˈsaɪnmənt/,"bài tập, nhiệm vụ",,We have a challenging assignment due next week.,assignment,
6,Vietnamese lifestyles: then and now,lifestyle,(n),/laɪfstaɪl/,"phong cách sống, lối sống",,A minimalist lifestyle helps reduce stress.,lifestyle,
6,Vietnamese lifestyles: then and now,different (from),(adj),/ˈdɪfrənt/,khác biệt (so với),,The way she thinks is very different from mine.,,
6,Vietnamese lifestyles: then and now,play outdoors,(v),/pleɪ aʊtˈdɔːrz/,chơi ngoài trời,,The kids are playing outdoors in the park.,,
6,Vietnamese lifestyles: then and now,natural material,(n),/ˈnæʧrəl məˈtɪərɪəl/,chất liệu tự nhiên,,The chair is made from natural materials.,,
6,Vietnamese lifestyles: then and now,depend on,(v),/dɪˈpend ɑːn/,phụ thuộc (vào),,She depends on her brother for support.,,
6,Vietnamese lifestyles: then and now,electronic device,(n),/ˌel.ekˈtrɒn.ɪk dɪˈvaɪs/,thiết bị điện tử,,He bought a new electronic device yesterday.,electronic device,
6,Vietnamese lifestyles: then and now,traditional game,(n),/trəˈdɪʃ.ən.əl ɡeɪm/,trò chơi truyền thống,,Playing traditional games is a part of our culture.,,
6,Vietnamese lifestyles: then and now,leave school,(v),/liːv skuːl/,rời trường học,,I always leave school at 3 PM.,leave school,
6,Vietnamese lifestyles: then and now,support,(v),/səˈpɔːt/,hỗ trợ,,The community came together to support the cause.,support,
6,Vietnamese lifestyles: then and now,living condition,(n),/'liviŋ kən'diʃn/,điều kiện sống,,The living conditions in the city are improving.,,
6,Vietnamese lifestyles: then and now,(be) made from,(v),/meɪd frəm/,được làm từ,,This bag is made from recycled materials.,,
6,Vietnamese lifestyles: then and now,opportunity,(n),/ˌɒpəˈtjuːnəti/,cơ hội,,She was given an opportunity to travel abroad.,opportunity,
6,Vietnamese lifestyles: then and now,freedom,(n),/ˈfriːdəm/,sự tự do,,Having freedom of choice is important.,freedom,
6,Vietnamese lifestyles: then and now,dye,(v),/daɪ/,nhuộm (tóc),,She plans to dye her hair red.,dye,
6,Vietnamese lifestyles: then and now,generation,(n),/ˌdʒenəˈreɪʃn/,thế hệ,,This generation is very tech-savvy.,generation,
6,Vietnamese lifestyles: then and now,pursue,(v),/pəˈsjuː/,theo đuổi,,He decided to pursue a career in medicine.,pursue,
6,Vietnamese lifestyles: then and now,previous,(adj),/'priəs/,trước đây,,I found my previous job very stressful.,previous,
6,Vietnamese lifestyles: then and now,take note,(phr.v),/teɪk nəʊt/,ghi chú,,The teacher asked us to take notes during the lecture.,,
6,Vietnamese lifestyles: then and now,memorise,(v),/ˈmeməraɪz/,ghi nhớ,,You need to memorise these formulas for the test.,memorise,
6,Vietnamese lifestyles: then and now,replace,(v),/rɪˈpleɪs/,thay thế,,They will replace the old chairs with new ones.,replace,
6,Vietnamese lifestyles: then and now,democratic,(adj),/ˌdeməˈkrætɪk/,dân chủ,,Our school has a democratic system for elections.,democratic,
6,Vietnamese lifestyles: then and now,various,(adj),/ˈveəriəs/,"khác nhau, đa dạng",,The store sells various types of fruits.,various,
6,Vietnamese lifestyles: then and now,family-oriented,(adj),/ˈfæməli ˈɔːrientɪd/,định hướng gia đình,,The company promotes a family-oriented culture.,family-oriented,
6,Vietnamese lifestyles: then and now,personal,(adj),/ˈpɜːsənl/,cá nhân,,She keeps a personal diary.,personal,
6,Vietnamese lifestyles: then and now,extended family,(adj),/ɪkˈstendɪd ˈfæməli/,đại gia đình,,We often visit our extended family on holidays.,extended family,
6,Vietnamese lifestyles: then and now,independent,(adj),/ˌɪndɪˈpendənt/,"độc lập, tự chủ",,He became independent after moving out of his parents' house.,independent,
6,Vietnamese lifestyles: then and now,give up,(phr.v),/gɪv ʌp/,từ bỏ,,She never gives up on her dreams.,,
6,Vietnamese lifestyles: then and now,hi-tech appliance,(n),/ˌhaɪ ˈtek əˈplaɪənsɪz/,thiết bị công nghệ cao,,The kitchen is equipped with hi-tech appliances.,,
6,Vietnamese lifestyles: then and now,use for,(phr.v),/juːz fɔː/,sử dụng cho,,This room is used for meetings.,,
6,Vietnamese lifestyles: then and now,private,(adj),/'praivit/,riêng tư,,She prefers to keep her life private.,private,
6,Vietnamese lifestyles: then and now,design,(v),/dɪˈzaɪn/,thiết kế (cho),,The new app is designed for ease of use.,,
6,Vietnamese lifestyles: then and now,ride a buffalo,(v),/raɪd ə ˈbʌfələʊ/,cưỡi trâu,,He learned how to ride a buffalo from his father.,ride a buffalo,
6,Vietnamese lifestyles: then and now,traditional farming tools,(n),/trəˈdɪʃənl ˈfɑːmɪŋ tuːlz/,dụng cụ làm nông truyền thống,,Farmers still use traditional farming tools in this village.,traditional farming tools,
6,Vietnamese lifestyles: then and now,promise,(v),/ˈprɒmɪs/,hứa,,He promised to call me tomorrow.,,
6,Vietnamese lifestyles: then and now,transportation,(n),/ˌtrænspɔːˈteɪʃn/,vận tải,,Public transportation is very convenient here.,transportation,
6,Vietnamese lifestyles: then and now,education,(n),/ˌedʒuˈkeɪʃn/,giáo dục,,Education is a priority for this government.,education,
6,Vietnamese lifestyles: then and now,performance,(n),/pəˈfɔːməns/,màn trình diễn,,The performance received a standing ovation.,performance,
6,Vietnamese lifestyles: then and now,professional training,(n),/prəˈfeʃənlˈtreɪnɪŋ/,đào tạo chuyên nghiệp,,He attended a professional training course last year.,professional training,
6,Vietnamese lifestyles: then and now,traditional costume,(n),/trəˈdɪʃənlˈkɒstjuːm/,trang phục truyền thống,,She wore a traditional costume to the festival.,traditional costume,
6,Vietnamese lifestyles: then and now,eating habit,(n),/ˈiːtɪŋ ˈhæbɪt/,thói quen ăn uống,,Developing healthy eating habits is essential.,,
6,Vietnamese lifestyles: then and now,learning style,(n),/ˈlɜːnɪŋ staɪl/,phong cách học,,His learning style involves hands-on activities.,learning style,
6,Vietnamese lifestyles: then and now,textbook,(n),/ˈtekstbʊk/,sách giáo khoa,,The textbook provides comprehensive information.,textbook,
6,Vietnamese lifestyles: then and now,active,(adj),/ˈæktɪv/,chủ động,,She is an active member of the community.,active,
6,Vietnamese lifestyles: then and now,oil lamp,(n),/ɔɪllæm/,đèn dầu,,The old house was lit by oil lamps.,,
6,Vietnamese lifestyles: then and now,convenient,(adj),/kənˈviːniənt/,thuận tiện,,It's convenient to have a store nearby.,convenient,
6,Vietnamese lifestyles: then and now,learning facility,(n),/ˈlɜːnɪŋ fəˈsɪləti/,thiết bị học tập,,The university has excellent learning facilities.,,
6,Vietnamese lifestyles: then and now,provide,(v),/prəˈvaɪd/,cung cấp,,The school provides free meals for students.,,
6,Vietnamese lifestyles: then and now,allow,(v),/əˈlaʊ/,cho phép,,Parents should allow children to explore.,allow,
6,Vietnamese lifestyles: then and now,working place,(n),/ˈwɜːkɪŋ pleɪs/,nơi làm việc,,The new working place is very modern.,working place,
6,Vietnamese lifestyles: then and now,family type,(n),/ˈfæməli taɪp/,loại gia đình,,Single-parent families are a common family type.,family type,
6,Vietnamese lifestyles: then and now,parents-children relation,(n),/ˈpeərənts ˈtʃɪldrən rɪˈleɪʃn/,mối quan hệ giữa cha mẹ và con cái,,A healthy parents-children relation is key to good upbringing.,parents-children relation,
6,Vietnamese lifestyles: then and now,turn down,(phr.v),/tɜːn/ /daʊn/,vặn nhỏ (âm thanh),,She turned down the volume on the TV.,,
6,Vietnamese lifestyles: then and now,avoid,(v),/əˈvɔɪd/,tránh,,You should avoid eating too much sugar.,avoid,
6,Vietnamese lifestyles: then and now,difference,(n),/ˈdɪfrəns/,sự khác biệt,,There's a significant difference between these two products.,difference,
6,Vietnamese lifestyles: then and now,exhibition,(n),/ˌeksɪˈbɪʃn/,"sự trưng bày, triển lãm",,The art exhibition attracted many visitors.,exhibition,
6,Vietnamese lifestyles: then and now,family value,(n),/ˈfæməli ˈvæljuː/,giá trị gia đình,,Family values are the foundation of our society.,,
6,Vietnamese lifestyles: then and now,make a promise,(v),/meɪk ə ˈprɒmɪs/,hứa,,I made a promise to help her with the project.,,
2,City life,get around,phr.v,,Dạo quanh,,"When I was in town, I chose to get around by bus.",get around,
2,City life,carry out,phr.v,,Tiến hành,,The authority is carrying out a plan to solve traffic congestion in the downtown area.,,
2,City life,come down with,phr.v,,Mắc phải (bệnh),,I'm come down with a cold. I have a runny nose and a sore throat.,come down with,
2,City life,hang out with,phr.v,,Đi chơi,,Where do teenagers in your neighbourhood often hang out with each other?,hang out with,
2,City life,cut down on,phr.v,,Cắt giảm,,We all need to cut down on using our cars and ride our bikes more to reduce air pollution.,cut down on,
